"Code","Name","Source"
"AD","Andorra","cldr"
"AE","United Arab Emirates","cldr"
"AF","Afghanistan","cldr"
"AG","Antigua & Barbuda","cldr"
"AG","Antigua and Barbuda","variant"
"AI","Anguilla","cldr"
"AL","Albania","cldr"
"AM","Armenia","cldr"
"AO","Angola","cldr"
"AQ","Antarctica","cldr"
"AR","Argentina","cldr"
"AS","American Samoa","cldr"
"AT","Austria","cldr"
"AU","Australia","cldr"
"AW","Aruba","cldr"
"AX","Åland Islands","cldr"
"AX","Aland Islands","variant"
"AZ","Azerbaijan","cldr"
"BA","Bosnia & Herzegovina","cldr"
"BA","Bosnia and Herzegovina","variant"
"BB","Barbados","cldr"
"BD","Bangladesh","cldr"
"BE","Belgium","cldr"
"BF","Burkina Faso","cldr"
"BG","Bulgaria","cldr"
"BH","Bahrain","cldr"
"BI","Burundi","cldr"
"BJ","Benin","cldr"
"BL","St. Barthélemy","cldr"
"BL","Saint Barthelemy","alias"
"BL","St. Barthelemy","variant"
"BM","Bermuda","cldr"
"BN","Brunei","cldr"
"BN","Brunei Darussalam","alias"
"BO","Bolivia","cldr"
"BO","Bolivia, Plurinational State of","alias"
"BQ","Caribbean Netherlands","cldr"
"BQ","Bonaire, Sint Eustatius and Saba","alias"
"BR","Brazil","cldr"
"BS","Bahamas","cldr"
"BT","Bhutan","cldr"
"BV","Bouvet Island","cldr"
"BW","Botswana","cldr"
"BY","Belarus","cldr"
"BZ","Belize","cldr"
"CA","Canada","cldr"
"CC","Cocos (Keeling) Islands","cldr"
"CC","Cocos","variant"
"CD","Congo - Kinshasa","cldr"
"CD","Congo, The Democratic Republic of the","alias"
"CD","Congo-Kinshasa","alias"
"CD","Democratic Republic of the Congo","alias"
"CD","Zaire","alias"
"CF","Central African Republic","cldr"
"CG","Congo - Brazzaville","cldr"
"CG","Congo, Republic of the","alias"
"CG","Congo-Brazzaville","alias"
"CG","Republic of the Congo","alias"
"CH","Switzerland","cldr"
"CI","Côte d’Ivoire","cldr"
"CI","Cote d'Ivoire","variant"
"CI","Côte d'Ivoire","variant"
"CI","Ivory Coast","alias"
"CK","Cook Islands","cldr"
"CL","Chile","cldr"
"CM","Cameroon","cldr"
"CN","China","cldr"
"CO","Colombia","cldr"
"CQ","Sark","cldr"
"CR","Costa Rica","cldr"
"CU","Cuba","cldr"
"CV","Cape Verde","cldr"
"CW","Curaçao","cldr"
"CW","Curacao","variant"
"CX","Christmas Island","cldr"
"CY","Cyprus","cldr"
"CZ","Czechia","cldr"
"CZ","Czech Republic","alias"
"DE","Germany","cldr"
"DJ","Djibouti","cldr"
"DK","Denmark","cldr"
"DM","Dominica","cldr"
"DO","Dominican Republic","cldr"
"DZ","Algeria","cldr"
"EC","Ecuador","cldr"
"EE","Estonia","cldr"
"EG","Egypt","cldr"
"EH","Western Sahara","cldr"
"ER","Eritrea","cldr"
"ES","Spain","cldr"
"ET","Ethiopia","cldr"
"FI","Finland","cldr"
"FJ","Fiji","cldr"
"FK","Falkland Islands","cldr"
"FK","Falkland Islands (Malvinas)","alias"
"FM","Micronesia","cldr"
"FM","Federated States of Micronesia","alias"
"FM","Micronesia, Federated States of","alias"
"FO","Faroe Islands","cldr"
"FR","France","cldr"
"GA","Gabon","cldr"
"GB","United Kingdom","cldr"
"GB","England","alias"
"GB","Great Britain","alias"
"GB","UK","alias"
"GB","United Kingdom of Great Britain and Northern Ireland","alias"
"GD","Grenada","cldr"
"GE","Georgia","cldr"
"GF","French Guiana","cldr"
"GG","Guernsey","cldr"
"GH","Ghana","cldr"
"GI","Gibraltar","cldr"
"GL","Greenland","cldr"
"GM","Gambia","cldr"
"GN","Guinea","cldr"
"GP","Guadeloupe","cldr"
"GQ","Equatorial Guinea","cldr"
"GR","Greece","cldr"
"GS","South Georgia & South Sandwich Islands","cldr"
"GS","South Georgia and South Sandwich Islands","variant"
"GT","Guatemala","cldr"
"GU","Guam","cldr"
"GW","Guinea-Bissau","cldr"
"GY","Guyana","cldr"
"HK","Hong Kong SAR China","cldr"
"HK","Hong Kong","variant"
"HM","Heard & McDonald Islands","cldr"
"HM","Heard and McDonald Islands","variant"
"HN","Honduras","cldr"
"HR","Croatia","cldr"
"HT","Haiti","cldr"
"HU","Hungary","cldr"
"ID","Indonesia","cldr"
"IE","Ireland","cldr"
"IL","Israel","cldr"
"IM","Isle of Man","cldr"
"IN","India","cldr"
"IO","British Indian Ocean Territory","cldr"
"IQ","Iraq","cldr"
"IR","Iran","cldr"
"IR","Iran, Islamic Republic of","alias"
"IS","Iceland","cldr"
"IT","Italy","cldr"
"JE","Jersey","cldr"
"JM","Jamaica","cldr"
"JO","Jordan","cldr"
"JP","Japan","cldr"
"KE","Kenya","cldr"
"KG","Kyrgyzstan","cldr"
"KH","Cambodia","cldr"
"KI","Kiribati","cldr"
"KM","Comoros","cldr"
"KN","St. Kitts & Nevis","cldr"
"KN","St. Kitts and Nevis","variant"
"KP","North Korea","cldr"
"KP","Democratic People's Republic of Korea","alias"
"KP","Korea, Democratic People's Republic of","alias"
"KR","South Korea","cldr"
"KR","Korea","alias"
"KR","Korea, Republic of","alias"
"KR","Republic of Korea","alias"
"KW","Kuwait","cldr"
"KY","Cayman Islands","cldr"
"KZ","Kazakhstan","cldr"
"LA","Laos","cldr"
"LA","Lao People's Democratic Republic","alias"
"LB","Lebanon","cldr"
"LC","St. Lucia","cldr"
"LI","Liechtenstein","cldr"
"LK","Sri Lanka","cldr"
"LR","Liberia","cldr"
"LS","Lesotho","cldr"
"LT","Lithuania","cldr"
"LU","Luxembourg","cldr"
"LV","Latvia","cldr"
"LY","Libya","cldr"
"MA","Morocco","cldr"
"MC","Monaco","cldr"
"MD","Moldova","cldr"
"MD","Moldova, Republic of","alias"
"MD","Republic of Moldova","alias"
"ME","Montenegro","cldr"
"MF","St. Martin","cldr"
"MG","Madagascar","cldr"
"MH","Marshall Islands","cldr"
"MK","North Macedonia","cldr"
"MK","Macedonia","alias"
"MK","Macedonia, the former Yugoslav Republic of","alias"
"ML","Mali","cldr"
"MM","Myanmar (Burma)","cldr"
"MM","Burma","alias"
"MM","Myanmar","variant"
"MN","Mongolia","cldr"
"MO","Macao SAR China","cldr"
"MO","Macao","variant"
"MO","Macau","alias"
"MP","Northern Mariana Islands","cldr"
"MQ","Martinique","cldr"
"MR","Mauritania","cldr"
"MS","Montserrat","cldr"
"MT","Malta","cldr"
"MU","Mauritius","cldr"
"MV","Maldives","cldr"
"MW","Malawi","cldr"
"MX","Mexico","cldr"
"MY","Malaysia","cldr"
"MZ","Mozambique","cldr"
"NA","Namibia","cldr"
"NC","New Caledonia","cldr"
"NE","Niger","cldr"
"NF","Norfolk Island","cldr"
"NG","Nigeria","cldr"
"NI","Nicaragua","cldr"
"NL","Netherlands","cldr"
"NL","Holland","alias"
"NL","Netherlands, Kingdom of the","alias"
"NO","Norway","cldr"
"NP","Nepal","cldr"
"NR","Nauru","cldr"
"NU","Niue","cldr"
"NZ","New Zealand","cldr"
"OM","Oman","cldr"
"PA","Panama","cldr"
"PE","Peru","cldr"
"PF","French Polynesia","cldr"
"PG","Papua New Guinea","cldr"
"PH","Philippines","cldr"
"PK","Pakistan","cldr"
"PL","Poland","cldr"
"PM","St. Pierre & Miquelon","cldr"
"PM","St. Pierre and Miquelon","variant"
"PN","Pitcairn Islands","cldr"
"PR","Puerto Rico","cldr"
"PS","Palestinian Territories","cldr"
"PS","Palestine","alias"
"PS","Palestine, State of","alias"
"PT","Portugal","cldr"
"PW","Palau","cldr"
"PY","Paraguay","cldr"
"QA","Qatar","cldr"
"RE","Réunion","cldr"
"RE","Reunion","variant"
"RO","Romania","cldr"
"RS","Serbia","cldr"
"RU","Russia","cldr"
"RU","Russian Federation","alias"
"RW","Rwanda","cldr"
"SA","Saudi Arabia","cldr"
"SB","Solomon Islands","cldr"
"SC","Seychelles","cldr"
"SD","Sudan","cldr"
"SE","Sweden","cldr"
"SG","Singapore","cldr"
"SH","St. Helena","cldr"
"SH","Saint Helena, Ascension and Tristan da Cunha","alias"
"SI","Slovenia","cldr"
"SJ","Svalbard & Jan Mayen","cldr"
"SJ","Svalbard and Jan Mayen","variant"
"SK","Slovakia","cldr"
"SL","Sierra Leone","cldr"
"SM","San Marino","cldr"
"SN","Senegal","cldr"
"SO","Somalia","cldr"
"SR","Suriname","cldr"
"SS","South Sudan","cldr"
"ST","São Tomé & Príncipe","cldr"
"ST","Sao Tome and Principe","variant"
"ST","São Tomé and Príncipe","variant"
"SV","El Salvador","cldr"
"SX","Sint Maarten","cldr"
"SY","Syria","cldr"
"SY","Syrian Arab Republic","alias"
"SZ","Eswatini","cldr"
"SZ","Swaziland","alias"
"TC","Turks & Caicos Islands","cldr"
"TC","Turks and Caicos Islands","variant"
"TD","Chad","cldr"
"TF","French Southern Territories","cldr"
"TG","Togo","cldr"
"TH","Thailand","cldr"
"TJ","Tajikistan","cldr"
"TK","Tokelau","cldr"
"TL","Timor-Leste","cldr"
"TL","East Timor","alias"
"TM","Turkmenistan","cldr"
"TN","Tunisia","cldr"
"TO","Tonga","cldr"
"TR","Türkiye","cldr"
"TR","Turkey","alias"
"TR","Turkiye","variant"
"TT","Trinidad & Tobago","cldr"
"TT","Trinidad and Tobago","variant"
"TV","Tuvalu","cldr"
"TW","Taiwan","cldr"
"TW","Taiwan, Province of China","alias"
"TZ","Tanzania","cldr"
"TZ","Tanzania, United Republic of","alias"
"TZ","United Republic of Tanzania","alias"
"UA","Ukraine","cldr"
"UG","Uganda","cldr"
"UM","U.S. Outlying Islands","cldr"
"US","United States","cldr"
"US","U.S.","alias"
"US","U.S.A.","alias"
"US","USA","alias"
"US","United States of America","alias"
"UY","Uruguay","cldr"
"UZ","Uzbekistan","cldr"
"VA","Vatican City","cldr"
"VA","Holy See","alias"
"VA","Holy See (Vatican City State)","alias"
"VA","Vatican","alias"
"VC","St. Vincent & Grenadines","cldr"
"VC","St. Vincent and Grenadines","variant"
"VE","Venezuela","cldr"
"VE","Venezuela, Bolivarian Republic of","alias"
"VG","British Virgin Islands","cldr"
"VG","Virgin Islands, British","alias"
"VI","U.S. Virgin Islands","cldr"
"VI","United States Virgin Islands","alias"
"VI","Virgin Islands, U.S.","alias"
"VN","Vietnam","cldr"
"VN","Viet Nam","alias"
"VU","Vanuatu","cldr"
"WF","Wallis & Futuna","cldr"
"WF","Wallis and Futuna","variant"
"WS","Samoa","cldr"
"XK","Kosovo","cldr"
"YE","Yemen","cldr"
"YT","Mayotte","cldr"
"ZA","South Africa","cldr"
"ZM","Zambia","cldr"
"ZW","Zimbabwe","cldr"
